Workbook

Sheet Inputs
A1: Receipt Pipeline Cost Model: Inputs
A2: Blue values are inputs: change them and every result updates. Black values are formulas. Yellow cells should be checked before the final report.
A4: Prices (USD)
A5: Item | B5: Value | C5: Unit | D5: Source or note
A6: Lambda: price per 1 million requests | B6: 0.2 | C6: USD per 1M requests | D6: AWS Lambda pricing page, US East figure: https://aws.amazon.com/lambda/pricing/. The Sydney rate could not be confirmed; check it in calculator.aws (region Asia Pacific (Sydney)) and replace if different.
A7: Lambda: price per GB-second (ARM / Graviton) | B7: 1.33334e-05 | C7: USD per GB-second | D7: AWS Lambda pricing page, US East Arm figure: https://aws.amazon.com/lambda/pricing/ (x86 is 0.0000166667). The function runs on ARM since the tuning experiment showed ARM 256 MB is about 14% cheaper per receipt at nearly the same speed. Check the Sydney rate as above.
A8: Lambda free tier: requests per month | B8: 1000000 | C8: requests | D8: AWS Lambda pricing page: the free tier includes 1 million requests per month. https://aws.amazon.com/lambda/pricing/
A9: Lambda free tier: GB-seconds per month | B9: 400000 | C9: GB-seconds | D9: AWS Lambda pricing page: the free tier includes 400,000 GB-seconds per month. https://aws.amazon.com/lambda/pricing/
A10: Apply the Lambda free tier? (1 = yes, 0 = no) | B10: 1 | C10: switch | D10: Set to 0 to compare list prices without any free allowance.
A11: EC2 t3.micro on-demand, Sydney | B11: 0.0132 | C11: USD per hour | D11: Linux on-demand rate for ap-southeast-2: https://aws-pricing.com/ap-southeast-2.html and https://www.doit.com/compute/spot/ap-southeast-2/t3.micro
A12: Public IPv4 address | B12: 0.005 | C12: USD per hour | D12: Charged per public IPv4 address per hour since 1 Feb 2024, all regions: https://aws.amazon.com/blogs/aws/new-aws-public-ipv4-address-charge-public-ip-insights
A13: EBS gp3 disk storage, Sydney | B13: 0.096 | C13: USD per GB-month | D13: ap-southeast-2 rate: https://aws-pricing.com/ap-southeast-2.html
A14: S3 LIST requests (EC2 polling) | B14: 0.005 | C14: USD per 1,000 requests | D14: S3 pricing page, US East figure for PUT/COPY/POST/LIST requests (https://aws.amazon.com/s3/pricing/); Sydney is slightly higher. The EC2 poller lists the ec2/ folder on every check, so this is an EC2-only cost.
A15: Workload assumptions
A16: Item | B16: Value | C16: Unit | D16: Source or note
A17: Lambda memory | B17: 256 | C17: MB | D17: As set in serverless-lambda/template.yaml (MemorySize: 256, Architectures: arm64).
A18: Lambda average billed time per receipt | B18: 203 | C18: ms | D18: Measured (tuning experiment, run exp-20261026-184235): average billed time of warm runs on ARM at 256 MB over the 12 test receipts, from Lambda's REPORT logs. Cold starts bill more (about 1.1 s for a PDF; start-up time is billed since 1 Aug 2025, https://aws.amazon.com/blogs/compute/aws-lambda-standardizes-billing-for-init-phase/) and long photo receipts bill about 2.4 s (5 OCR calls, read in parallel since 27 Oct; 5.4 s before): see the scenario table on the Comparison sheet.
A19: EC2 hours per month (always on) | B19: 730 | C19: hours | D19: 24 hours x 365 days / 12 months.
A20: EC2 disk size | B20: 8 | C20: GB | D20: Amazon Linux 2023 default root volume.
A21: EC2 processing time per receipt | B21: 35 | C21: ms | D21: Measured in the first comparison: median EC2 processing time over 12 receipts (average 130 ms, driven up by the two photo receipts). Used only for the capacity check.
A22: EC2 check interval (poller) | B22: 10 | C22: seconds | D22: POLL_SECONDS in ec2-server/template.yaml. A shorter interval cuts EC2's delay but adds S3 LIST requests.
A23: Results (formulas)
A24: Item | B24: Value | C24: Unit | D24: Source or note
A25: GB-seconds per Lambda receipt | B25: =B17/1024*B18/1000 | C25: GB-seconds | D25: Memory in GB x billed time in seconds.
A26: Lambda cost per receipt, before free tier | B26: =B6/1000000+B25*B7 | C26: USD | D26: Request charge + compute charge for one receipt.
A27: EC2 cost per month (fixed, any volume) | B27: =B11*B19+B12*B19+B13*B20+B19*3600/B22*B14/1000 | C27: USD per month | D27: Instance hours + public IPv4 hours + disk + the S3 LIST requests of checking for new files. The same whether it processes 0 or millions of receipts.
A28: Break-even volume | B28: =IF(B10=1,(B27+B8*B6/1000000+B9*B7)/B26,B27/B26) | C28: receipts per month | D28: Below this volume Lambda is cheaper; above it EC2 is. Solves Lambda cost = EC2 cost.
A29: Break-even formula valid? | B29: =IF(OR(B10=0,AND(B28>B8,B28*B25>B9)),"Yes","No: break-even falls inside the free tier") | C29: check | D29: The break-even formula assumes the volume is past both free-tier limits.
A30: One EC2 server's capacity | B30: =1000/B21*3600*B19 | C30: receipts per month | D30: If receipts arrived evenly and one poller handled them one at a time. Real bursts need headroom.

Sheet Comparison
A1: Lambda vs EC2: monthly cost by volume
A2: Compute cost only. S3, DynamoDB, SNS and CloudWatch cost the same for both versions, so they cancel out. All values come from the Inputs sheet.
A3: Break-even (receipts per month): | C3: =Inputs!B28 | D3: ="Lambda is cheaper below this volume; EC2 above it. EC2 fixed cost: $"&TEXT(Inputs!B27,"0.00")&" per month."
J4: Break-even by Lambda billed time
A5: Receipts per month | B5: Lambda requests ($) | C5: Lambda compute ($) | D5: Lambda total ($/month) | E5: EC2 total ($/month) | F5: Cheaper option | G5: Monthly saving ($) | H5: Lambda cost per 1,000 receipts ($) | J5: Scenario | K5: Billed time (ms) | L5: Break-even (receipts/month)
A6: 100 | B6: =MAX(0,A6-Inputs!$B$8*Inputs!$B$10)*Inputs!$B$6/1000000 | C6: =MAX(0,A6*Inputs!$B$25-Inputs!$B$9*Inputs!$B$10)*Inputs!$B$7 | D6: =B6+C6 | E6: =Inputs!$B$27 | F6: =IF(D6<E6,"Lambda",IF(D6>E6,"EC2","Equal")) | G6: =ABS(E6-D6) | H6: =D6/A6*1000 | J6: Long photo receipt, 5 OCR calls read in parallel (measured median, 40 real scans) | K6: 2448 | L6: =IF(Inputs!$B$10=1,(Inputs!$B$27+Inputs!$B$8*Inputs!$B$6/1000000+Inputs!$B$9*Inputs!$B$7)/(Inputs!$B$6/1000000+Inputs!$B$17/1024*K6/1000*Inputs!$B$7),Inputs!$B$27/(Inputs!$B$6/1000000+Inputs!$B$17/1024*K6/1000*Inputs!$B$7))
A7: 1000 | B7: =MAX(0,A7-Inputs!$B$8*Inputs!$B$10)*Inputs!$B$6/1000000 | C7: =MAX(0,A7*Inputs!$B$25-Inputs!$B$9*Inputs!$B$10)*Inputs!$B$7 | D7: =B7+C7 | E7: =Inputs!$B$27 | F7: =IF(D7<E7,"Lambda",IF(D7>E7,"EC2","Equal")) | G7: =ABS(E7-D7) | H7: =D7/A7*1000 | J7: Every run a cold start, PDF (measured median) | K7: 1101 | L7: =IF(Inputs!$B$10=1,(Inputs!$B$27+Inputs!$B$8*Inputs!$B$6/1000000+Inputs!$B$9*Inputs!$B$7)/(Inputs!$B$6/1000000+Inputs!$B$17/1024*K7/1000*Inputs!$B$7),Inputs!$B$27/(Inputs!$B$6/1000000+Inputs!$B$17/1024*K7/1000*Inputs!$B$7))
A8: 10000 | B8: =MAX(0,A8-Inputs!$B$8*Inputs!$B$10)*Inputs!$B$6/1000000 | C8: =MAX(0,A8*Inputs!$B$25-Inputs!$B$9*Inputs!$B$10)*Inputs!$B$7 | D8: =B8+C8 | E8: =Inputs!$B$27 | F8: =IF(D8<E8,"Lambda",IF(D8>E8,"EC2","Equal")) | G8: =ABS(E8-D8) | H8: =D8/A8*1000 | J8: Every run warm (measured average, ARM 256 MB) | K8: 203 | L8: =IF(Inputs!$B$10=1,(Inputs!$B$27+Inputs!$B$8*Inputs!$B$6/1000000+Inputs!$B$9*Inputs!$B$7)/(Inputs!$B$6/1000000+Inputs!$B$17/1024*K8/1000*Inputs!$B$7),Inputs!$B$27/(Inputs!$B$6/1000000+Inputs!$B$17/1024*K8/1000*Inputs!$B$7))
A9: 100000 | B9: =MAX(0,A9-Inputs!$B$8*Inputs!$B$10)*Inputs!$B$6/1000000 | C9: =MAX(0,A9*Inputs!$B$25-Inputs!$B$9*Inputs!$B$10)*Inputs!$B$7 | D9: =B9+C9 | E9: =Inputs!$B$27 | F9: =IF(D9<E9,"Lambda",IF(D9>E9,"EC2","Equal")) | G9: =ABS(E9-D9) | H9: =D9/A9*1000 | J9: Steady traffic keeps Lambda copies warm, so most receipts bill like the last row. Long photos that need several OCR calls bill the longest, even with their reads running in parallel.
A10: 1000000 | B10: =MAX(0,A10-Inputs!$B$8*Inputs!$B$10)*Inputs!$B$6/1000000 | C10: =MAX(0,A10*Inputs!$B$25-Inputs!$B$9*Inputs!$B$10)*Inputs!$B$7 | D10: =B10+C10 | E10: =Inputs!$B$27 | F10: =IF(D10<E10,"Lambda",IF(D10>E10,"EC2","Equal")) | G10: =ABS(E10-D10) | H10: =D10/A10*1000
A11: 2000000 | B11: =MAX(0,A11-Inputs!$B$8*Inputs!$B$10)*Inputs!$B$6/1000000 | C11: =MAX(0,A11*Inputs!$B$25-Inputs!$B$9*Inputs!$B$10)*Inputs!$B$7 | D11: =B11+C11 | E11: =Inputs!$B$27 | F11: =IF(D11<E11,"Lambda",IF(D11>E11,"EC2","Equal")) | G11: =ABS(E11-D11) | H11: =D11/A11*1000
A12: 5000000 | B12: =MAX(0,A12-Inputs!$B$8*Inputs!$B$10)*Inputs!$B$6/1000000 | C12: =MAX(0,A12*Inputs!$B$25-Inputs!$B$9*Inputs!$B$10)*Inputs!$B$7 | D12: =B12+C12 | E12: =Inputs!$B$27 | F12: =IF(D12<E12,"Lambda",IF(D12>E12,"EC2","Equal")) | G12: =ABS(E12-D12) | H12: =D12/A12*1000
A13: 10000000 | B13: =MAX(0,A13-Inputs!$B$8*Inputs!$B$10)*Inputs!$B$6/1000000 | C13: =MAX(0,A13*Inputs!$B$25-Inputs!$B$9*Inputs!$B$10)*Inputs!$B$7 | D13: =B13+C13 | E13: =Inputs!$B$27 | F13: =IF(D13<E13,"Lambda",IF(D13>E13,"EC2","Equal")) | G13: =ABS(E13-D13) | H13: =D13/A13*1000
A14: 15000000 | B14: =MAX(0,A14-Inputs!$B$8*Inputs!$B$10)*Inputs!$B$6/1000000 | C14: =MAX(0,A14*Inputs!$B$25-Inputs!$B$9*Inputs!$B$10)*Inputs!$B$7 | D14: =B14+C14 | E14: =Inputs!$B$27 | F14: =IF(D14<E14,"Lambda",IF(D14>E14,"EC2","Equal")) | G14: =ABS(E14-D14) | H14: =D14/A14*1000
A15: 20000000 | B15: =MAX(0,A15-Inputs!$B$8*Inputs!$B$10)*Inputs!$B$6/1000000 | C15: =MAX(0,A15*Inputs!$B$25-Inputs!$B$9*Inputs!$B$10)*Inputs!$B$7 | D15: =B15+C15 | E15: =Inputs!$B$27 | F15: =IF(D15<E15,"Lambda",IF(D15>E15,"EC2","Equal")) | G15: =ABS(E15-D15) | H15: =D15/A15*1000
A16: Volumes in column A are inputs too: change them to model your own scenarios. One EC2 server could keep up with all these volumes if receipts arrived evenly (Inputs, row 30); real bursts need headroom.

Sheet Notes
A1: How to read and use this model
A3: What it compares | B3: The monthly cost of the compute part of each version: Lambda (pay per receipt) against one always-on EC2 t3.micro server (pay per hour).
A4: What it leaves out | B4: Costs both versions pay equally per receipt, so they do not change which one is cheaper: Rekognition (about $0.001 per image read, US East list price; a short photo needs 1 read, a long one up to 5), S3 uploads, DynamoDB writes, SNS emails and CloudWatch logs. For photo receipts Rekognition is by far the largest cost: about $1-5 per 1,000 photos, against under $0.01 per 1,000 for Lambda compute. PDFs need no Rekognition.
A5: How Lambda is priced | B5: Requests x price per request, plus GB-seconds x price per GB-second. GB-seconds = memory in GB x billed seconds. The free tier removes the first 1M requests and 400,000 GB-seconds each month.
A6: How EC2 is priced | B6: Hours switched on x hourly rate, plus the public IPv4 address and the disk. It does not change with volume, and it is charged even when the server is idle.
A7: Measured | B7: First comparison: same 12 receipts through both versions, 36/36 fields correct on both. Experiments (comparison/RESULTS.md): warm billed time 203 ms on ARM 256 MB; cold start 1.1 s (PDF) / 1.6 s (photo); upload-to-result delay median about 1.0 s on Lambda vs 5-6 s on EC2 (it checks for new files every 10 s).
A8: Before the final report | B8: 1) Check the Lambda Sydney prices (Inputs B6 and B7) in calculator.aws. 2) Billed time (Inputs B18) is the measured warm average; the Comparison sheet shows the range. Every result updates by itself.
A9: Free plan note | B9: On the AWS Free plan, usage is paid from credits, not cash. The model shows list prices so the comparison holds for any account.
A10: Sources | B10: Lambda prices and free tier: https://aws.amazon.com/lambda/pricing/ | EC2 t3.micro and EBS gp3 in Sydney: https://aws-pricing.com/ap-southeast-2.html ; https://www.doit.com/compute/spot/ap-southeast-2/t3.micro | Public IPv4 charge: https://aws.amazon.com/blogs/aws/new-aws-public-ipv4-address-charge-public-ip-insights | Lambda start-up billing: https://aws.amazon.com/blogs/compute/aws-lambda-standardizes-billing-for-init-phase/
